Model,Accuracy,Precision,Recall,F1,MCC,AUC
Logistic Regression,0.9,0.9076923076923077,0.9365079365079365,0.921875,0.7838182461147938,0.9725439725439725
Decision Tree,0.86,0.9016393442622951,0.873015873015873,0.8870967741935484,0.7036458824610665,0.8554268554268555
KNN (k=5),0.92,0.9230769230769231,0.9523809523809523,0.9375,0.8272430796945608,0.9562419562419562
Gaussian Naive Bayes,0.88,0.8805970149253731,0.9365079365079365,0.9076923076923077,0.7395800507424896,0.9566709566709566
Random Forest,0.9,0.9206349206349206,0.9206349206349206,0.9206349206349206,0.7854997854997855,0.9708279708279708
XGBoost,0.9,0.9344262295081968,0.9047619047619048,0.9193548387096774,0.7885759829391675,0.9716859716859717
